{
  "151 West 34th Street, New York, NY, 10001": [
    40.7508895,
    -73.9892551
  ],
  "227 West 27th Street, New York, NY, 10001": [
    40.7460195,
    -73.9923905
  ],
  "22-03 Jackson Avenue, Queens, NY, 11101": [
    40.7452672,
    -73.9474834
  ],
  "99 Gansevoort Street, New York, NY, 10014": [
    40.7396451,
    -74.008921
  ],
  "29 East 22nd Street, New York, NY, 10010": [
    40.7401593,
    -73.9878236
  ],
  "230 Vesey Street, New York, NY, 10281": [
    40.7123174,
    -74.0156188
  ],
  "89 East 42nd Street, New York, NY, 10001": [
    40.7526944,
    -73.977253
  ],
  "55 Delancey Street, New York, NY, 10002": [
    40.7191881,
    -73.9911739
  ],
  "19 East Houston Street, New York, NY, 10012": [
    40.7248049,
    -73.9947527
  ],
  "5th Avenue, New York, NY": [
    40.7708667,
    -73.9681985
  ],
  "767 5th Avenue, New York, NY, 10153": [
    40.7638426,
    -73.9729641
  ],
  "142 Orchard Street, New York, NY, 10002": [
    40.7200045,
    -73.9891428
  ],
  "680 5th Avenue, New York, NY, 10019": [
    40.7609666,
    -73.9756568
  ],
  "1000 5th Avenue, New York, NY, 10028": [
    40.7794396,
    -73.9633825
  ],
  "594 Broadway, New York, NY, 10012": [
    40.7248948,
    -73.9970441
  ],
  "120 Thompson Street, New York, NY, 10012": [
    40.7259391,
    -74.0015524
  ],
  "133-33 39th Avenue, Queens, NY, 11354": [
    40.759437,
    -73.8338018
  ],
  "590 Madison Avenue, New York, NY, 10022": [
    40.7621575,
    -73.9730331
  ],
  "555 5th Avenue, New York, NY, 10017": [
    40.7558228,
    -73.9787965
  ],
  "187 Kent Avenue, Brooklyn, NY, 11249": [
    40.717922,
    -73.964154
  ],
  "641 West 42nd Street, New York, NY, 10036": [
    40.7614087,
    -73.9994848
  ],
  "605 3rd Ave, New York, NY 10158": [
    40.7490532,
    -73.9753376
  ],
  "1 American Dream Way, East Rutherford, NJ, 07073": [
    40.8086083,
    -74.0720547
  ],
  "235 Bowery, New York, NY, 10002": [
    40.7223433,
    -73.992838
  ],
  "225 West 34th Street, New York, NY, 10122": [
    40.7518074,
    -73.9917459
  ],
  "499 West 30th Street, New York, NY, 10001": [
    40.752069,
    -74.000781
  ],
  "10 East 8th Street, New York, NY, 10003": [
    40.7317609,
    -73.9957287
  ],
  "3 Howard Street, New York, NY, 10013": [
    40.7188757,
    -73.9996337
  ],
  "New York, NY, 10012": [
    40.7127281,
    -74.0060152
  ],
  "112 West 30th Street, New York, NY, 10001": [
    40.7474681,
    -73.9903322
  ],
  "461 West 14th Street, New York, NY, 10014": [
    40.7419225,
    -74.0074455
  ],
  "202 Elizabeth Street, New York, NY, 10012": [
    40.7219522,
    -73.9942004
  ],
  "51 Irving Place, New York, NY, 10003": [
    40.7360524,
    -73.9874848
  ],
  "10 Times Square, New York, NY, 10036": [
    40.7570095,
    -73.9859724
  ],
  "165 Smith Street, Brooklyn, NY, 11201": [
    40.6862016,
    -73.9906738
  ],
  "275 Jay Street, Brooklyn, NY, 11201": [
    40.6965335,
    -73.9871895
  ],
  "9 Saint Marks Place, New York, NY, 10003": [
    40.7294737,
    -73.9890887
  ],
  "253 Bleecker Street, New York, NY, 10014": [
    40.7310632,
    -74.0027252
  ],
  "33 East 17th Street, New York, NY, 10003": [
    40.7369258,
    -73.9896011
  ],
  "131-04 Meridian Road, Queens, NY, 11368": [
    40.7517767,
    -73.8373747
  ],
  "207 Water Street, New York, NY, 10038": [
    40.7072546,
    -74.0035057
  ],
  "36 Battery Place, New York, NY, 10280": [
    40.7061186,
    -74.0182811
  ],
  "647 Fulton Street, Brooklyn, NY, 11217": [
    40.6867981,
    -73.9758629
  ],
  "1 East 161st Street, The Bronx, NY, 10451": [
    40.8285709,
    -73.9258934
  ],
  "137 Henry Street, New York, NY, 10002": [
    40.7134727,
    -73.9908451
  ],
  "45 Rockefeller Plaza, New York, NY, 10111": [
    40.7592576,
    -73.9799569
  ],
  "21 Spring Street, New York, NY, 10012": [
    40.7218449,
    -73.9946759
  ],
  "580 Coney Island Avenue, Brooklyn, NY, 11218": [
    40.6431898,
    -73.9700409
  ],
  "37 Elizabeth Street, New York, NY, 10013": [
    40.7167737,
    -73.9969651
  ],
  "550 5th Avenue, New York, NY, 10036": [
    40.7557896,
    -73.9796165
  ],
  "25 Union Square West, New York, NY, 10003": [
    40.7362796,
    -73.9912096
  ],
  "22 Cortlandt Street, New York, NY, 10007": [
    40.7104816,
    -74.0104876
  ],
  "200 Wythe Avenue, Brooklyn, NY, 11249": [
    40.718592,
    -73.9616458
  ],
  "830 5th Avenue, New York, NY, 10065": [
    40.7651011,
    -73.9725286
  ],
  "119 Baxter Street, New York, NY, 10013": [
    40.7179178,
    -73.9988723
  ],
  "376 Bleecker Street, New York, NY, 10014": [
    40.7349623,
    -74.0050324
  ],
  "133 Washington Street, Hoboken, NJ, 07030": [
    40.7385149,
    -74.0302788
  ],
  "Elizabeth Street Garden, New York, NY, 10012": null,
  "76 North 4th Street, Brooklyn, NY, 11249": [
    40.7194495,
    -73.9637953
  ],
  "SeaGlass Carousel (Enter across from 17 State Street), New York, NY, 10004": null,
  "701 7th Avenue, New York, NY, 10036": [
    40.7592327,
    -73.9840773
  ],
  "1237 Broadway, New York, NY, 10001": [
    40.7470903,
    -73.988502
  ],
  "Madison Avenue, New York, NY": [
    40.7657933,
    -73.9698029
  ],
  "131 Greene Street, New York, NY, 10012": [
    40.7256642,
    -73.9989626
  ],
  "216 Lafayette Street, New York, NY, 10012": [
    40.7219334,
    -73.9978394
  ],
  "620 6th Avenue, New York, NY, 10011": [
    40.7401063,
    -73.994625
  ],
  "610 5th Avenue, New York, NY, 10185": [
    40.6638259,
    -73.9911318
  ],
  "856 River Avenue, The Bronx, NY, 10451": [
    40.827076,
    -73.9262379
  ],
  "38 Gansevoort Street, New York, NY, 10014": [
    40.7392933,
    -74.0063386
  ],
  "7020 13th Avenue, Brooklyn, NY, 11228": [
    40.6230239,
    -74.0047388
  ],
  "173 Elizabeth Street, New York, NY, 10012": [
    40.7211344,
    -73.9949056
  ],
  "46 Hester Street, New York, NY, 10002": [
    40.7155674,
    -73.9902825
  ],
  "860 Broadway, New York, NY, 10003": [
    40.737233,
    -73.990188
  ],
  "850 Broadway, New York, NY, 10003": [
    40.7341261,
    -73.9907427
  ],
  "49-101 Division Road, New York, NY, 10004": [
    40.6880643,
    -74.0182506
  ],
  "2 Pennsylvania Plaza, New York, NY, 10121": [
    40.7503279,
    -73.9917856
  ],
  "212 North End Avenue, New York, NY, 10282": [
    40.7159868,
    -74.0149055
  ],
  "155 Suffolk Street, New York, NY, 10002": [
    40.7208414,
    -73.9854074
  ],
  "9 West 8th Street, New York, NY, 10011": [
    40.7327499,
    -73.9969954
  ],
  "295 East 149th Street, The Bronx, NY, 10451": [
    40.8172366,
    -73.9215464
  ],
  "3059 West 12th Street, Brooklyn, NY, 11224": [
    40.5742747,
    -73.9792059
  ],
  "99 North 6th Street, Brooklyn, NY, 11249": [
    40.7185262,
    -73.9600171
  ],
  "580 5th Avenue, New York, NY, 10036": [
    40.756885,
    -73.9786768
  ],
  "81 Central Park West, New York, NY, 10024": [
    40.773588,
    -73.978
  ],
  "11 Madison Avenue, New York, NY, 10010": [
    40.7415982,
    -73.9871904
  ],
  "New York, NY, 10003": [
    40.7127281,
    -74.0060152
  ],
  "99 MacDougal Street, New York, NY, 10012": [
    40.7296565,
    -74.001091
  ],
  "18 West Houston Street, New York, NY, 10012": [
    40.7257247,
    -73.9970561
  ],
  "20 Hudson Yards, New York, NY, 10001": [
    40.7559064,
    -74.0005322
  ],
  "1560 Broadway, New York, NY, 10036": [
    40.7589843,
    -73.9851043
  ],
  "1460 Broadway, New York, NY, 10036": [
    40.7550556,
    -73.9864227
  ],
  "300 Bleecker Street, New York, NY, 10014": [
    40.7324433,
    -74.0038307
  ],
  "262 Mott Street, New York, NY, 10012": [
    40.7238034,
    -73.9943123
  ],
  "1333 Broadway, New York, NY, 10018": [
    40.7512127,
    -73.9879717
  ],
  "169 Bowery, New York, NY, 10002": [
    40.7198699,
    -73.9938131
  ],
  "177 Lafayette Street, New York, NY, 10013": [
    40.7201134,
    -73.9988044
  ],
  "46 Market Street, New York, NY, 10002": [
    40.7120557,
    -73.9941988
  ],